Genotype,Genotype_Alternate
L 135,L 135
MEF156-55-2,MEF156-55-2
LH93,LH93
OQ603,OQ603
2FACC,2FACC
LH38,LH38
WR3,WR3
ICI581,ICI581
DKFBHJ,DKFBHJ
N193,N193
PHN82,PHN82
NORTH 7,NORTH 7
A627,A627
IBB15,IBB15
PHN66,PHN66
A672,A672
DK4676A,DK4676A
29MIBZ2,29MIBZ2
A322,A322
CA-4,CA-4
DK3IIH6,DK3IIH6
L 155,L 155
AQA3,AQA3
B76,B76
CH711-10,CH711-10
PHG80,PHG80
N192,N192
DE4,DE4
PHH93,PHH93
Eng-Li Chih,Eng-Li Chih
W552,W552
Os420,Os420
Oh43,Oh43
A305,A305
DK78002A,DK78002A
SD101,SD101
A632,A632
LH165,LH165
LH145,LH145
PHG29,PHG29
PHK76,PHK76
LH206,LH206
BO9,BO9
MS200,MS200
DKFAPW,DKFAPW
NY 159 (Neveh Yaar),NY 159 (Neveh Yaar)
N6,N6
LH149,LH149
ZS635,ZS635
A401,A401
FC46,FC46
CH157,CH157
PHP55,PHP55
OH33,OH33
PH207,PH207
A634,A634
G80,G80
4F-306 108,4F-306 108
PHG72,PHG72
Pa392,Pa392
91IFC2,91IFC2
LH132,LH132
PHBA6,PHBA6
911,911
B73,B73
PHW86,PHW86
SD102,SD102
SD44,SD44
DKMBNA,DKMBNA
LP5,LP5
LH61,LH61
B73,B73
ICI 740,ICI 740
EAST 028,EAST 028
Ny821,Ny821
A427,A427
CI 40H,CI 40H
A556,A556
A548,A548
R113,R113
A680,A680
AS6103,AS6103
LH166,LH166
PHJ90,PHJ90
N197,N197
A239,A239
OS602,OS602
MS225,MS225
ICI 986,ICI 986
A334,A334
LH119,LH119
ML606,ML606
792,792
PH207,PH207
LH198,LH198
PHP76,PHP76
PH207,PH207
793,793
IA2132,IA2132
T242,T242
LIBC 4,LIBC 4
MS211,MS211
PHW20,PHW20
A659,A659
W612S,W612S
CR1HT,CR1HT
Va52,Va52
W614S,W614S
W117Ht,W117Ht
PHR36,PHR36
MS224,MS224
NC262,NC262
W701BC,W701BC
W602S,W602S
LH172,LH172
A572,A572
LH295,LH295
Mo17,Mo17
LH146Ht,LH146Ht
NQ508,NQ508
ND265,ND265
ICI 193,ICI 193
764,764
A272,A272
W604S,W604S
A648,A648
LH209,LH209
B87,B87
PHW30,PHW30
Oh40B,Oh40B
LH184,LH184
MS226,MS226
CM105,CM105
LH223,LH223
PH207,PH207
NK807,NK807
PHGW7,PHGW7
790,790
B-18 INBR.FR.SUPERGOLD,B-18 INBR.FR.SUPERGOLD
6F629,6F629
A374,A374
B73,B73
W605S,W605S
PHKE6,PHKE6
H42,H42
LH222,LH222
DKIB014,DKIB014
PHN11,PHN11
PHW03,PHW03
3IJI1,3IJI1
2369,2369
PHV37,PHV37
PHV57,PHV57
DK78010,DK78010
MS1334,MS1334
C103,C103
A674,A674
I29,I29
LH143 (Maintainer),LH143 (Maintainer)
SD107,SD107
B91,B91
IBC2,IBC2
Ia 453,Ia 453
PHG86,PHG86
B73,B73
PH207,PH207
Q381,Q381
Lp215D,Lp215D
L 127,L 127
R181B,R181B
2FADB,2FADB
B85,B85
Va99,Va99
CH9,CH9
MS153,MS153
DJ7,DJ7
A663,A663
A340,A340
ND247,ND247
B73,B73
CR 22 INBRED,CR 22 INBRED
PHK74,PHK74
CH753-4,CH753-4
W153R,W153R
912,912
H99,H99
2MA22,2MA22
PHT69,PHT69
A258,A258
A649,A649
MS71,MS71
A73,A73
A679,A679
A71,A71
W182E,W182E
W603S,W603S
Mo47,Mo47
NC310,NC310
PHG71,PHG71
IBB14,IBB14
A641,A641
LH57,LH57
MQ305,MQ305
CR14,CR14
PHR30,PHR30
NK778,NK778
LH82,LH82
SD40,SD40
B107,B107
PHG47,PHG47
B-28,B-28
PHTM9,PHTM9
B103,B103
A385,A385
MS72,MS72
NS501,NS501
PHHV4,PHHV4
ICI 893,ICI 893
C123,C123
W9,W9
A682,A682
PHJ89,PHJ89
INBRED 2-687,INBRED 2-687
PHW80,PHW80
OQ403,OQ403
PHP02,PHP02
W8304,W8304
A208,A208
78010,78010
PHJR5,PHJR5
PHBW8,PHBW8
PHVA9,PHVA9
PHB47,PHB47
W64A,W64A
Pa405,Pa405
W613S,W613S
BEI 10 = NORTH 10,BEI 10 = NORTH 10
MS116,MS116
B115,B115
1538,1538
LH54,LH54
N201,N201
L 139,L 139
PHG50,PHG50
PHVJ4,PHVJ4
PHK42,PHK42
LH127,LH127
DKPB80,DKPB80
PHW17,PHW17
ICI 441,ICI 441
PHB09,PHB09
A635,A635
CS405,CS405
B114,B114
MS132,MS132
FBLA,FBLA
4226,4226
PHR63,PHR63
LH74,LH74
LH202,LH202
LH227,LH227
PHK35,PHK35
4N506,4N506
N7A,N7A
W813G,W813G
INB 101LFY/LFY (A632 X M16 S5),INB 101LFY/LFY (A632 X M16 S5)
B73,B73
HUANYAO,HUANYAO
MM501D,MM501D
PHR58,PHR58
W24,W24
K150,K150
LH65,LH65
PHV63,PHV63
Yu796 NS,Yu796 NS
W32,W32
PH207,PH207
B84,B84
R226,R226
MBST,MBST
W821G,W821G
W811G,W811G
W817G,W817G
Tr,Tr
HP301,HP301
87916W,87916W
ND259,ND259
B88,B88
B73,B73
LH214,LH214
N28,N28
K41,K41
LH190,LH190
PHT22,PHT22
6M502,6M502
SG 30A,SG 30A
6M502A,6M502A
Pa875,Pa875
N534,N534
MS67,MS67
WXB6,WXB6
LH194,LH194
PHK93,PHK93
A797NW,A797NW
H110,H110
4F-35 BK,4F-35 BK
LP1 NR HT,LP1 NR HT
LH197,LH197
Va26,Va26
LH60,LH60
LH199,LH199
W819G,W819G
LH185,LH185
Va102,Va102
Hy,Hy
NY6371,NY6371
H71,H71
PH207,PH207
B110,B110
Oh7,Oh7
E8501,E8501
LH195,LH195
A,A
LH181,LH181
PHPR5,PHPR5
N209,N209
W606S,W606S
H113,H113
PHN46,PHN46
NS701,NS701
PHR62,PHR62
DE3,DE3
PHT10,PHT10
PHW65,PHW65
LH205,LH205
PHG83,PHG83
CQ702RC,CQ702RC
H114,H114
Mo5,Mo5
LH216,LH216
W610S,W610S
B105,B105
H91,H91
N200,N200
A321,A321
R227,R227
R229,R229
YONG 28,YONG 28
INBRED 309,INBRED 309
CH701-30,CH701-30
PHEG9,PHEG9
MBWZ,MBWZ
MS24A,MS24A
INBRED 305,INBRED 305
B37,B37
S8326,S8326
L 289,L 289
LH215,LH215
WIL900,WIL900
INBRED 141,INBRED 141
B97,B97
LH59,LH59
PHP85,PHP85
W815G,W815G
B120,B120
W812G,W812G
LH1,LH1
PH207,PH207
N527,N527
B119,B119
PHR03,PHR03
DE2,DE2
Pa91,Pa91
F2834T,F2834T
F118,F118
W22,W22
B14,B14
B109,B109
NC412,NC412
Va59,Va59
Mo1W,Mo1W
B73,B73
B66,B66
W820G,W820G
CO257,CO257
PHV78,PHV78
IDS91,IDS91
R71,R71
LH192,LH192
B108,B108
IDS69,IDS69
B46,B46
78551S,78551S
PH207,PH207
R168,R168
K55,K55
N542,N542
LH224,LH224
A619,A619
NC326,NC326
Il778d,Il778d
IDS28,IDS28
LH204,LH204
B14A,B14A
B68,B68
B75,B75
PHW43,PHW43
PHHH9,PHHH9
Pa778,Pa778
PHK56,PHK56
33-16,33-16
ND259,ND259
MS221,MS221
N501,N501
NC328,NC328
K47,K47
ZS365,ZS365
WIL901,WIL901
NC250,NC250
LH191,LH191
W809G,W809G
B77,B77
Os426,Os426
R177,R177
NC368,NC368
WU-TAN-TZAO,WU-TAN-TZAO
DE811,DE811
NKS8326,NKS8326
PHR31,PHR31
Seagull Seventeen,Seagull Seventeen
Va35,Va35
YE 4,YE 4
Va17,Va17
H121,H121
PHW79,PHW79
WIL903,WIL903
W607S,W607S
INBRED 321,INBRED 321
Pa762,Pa762
PHW52,PHW52
B79,B79
W803G,W803G
LH193,LH193
Pa880,Pa880
LH128,LH128
NK740,NK740
H122w,H122w
PHK29,PHK29
PHZ51,PHZ51
B70,B70
PHG35,PHG35
B57,B57
INBRED 109,INBRED 109
B73,B73
PHN29,PHN29
N217,N217
B164,B164
PHN34,PHN34
HUOBAI,HUOBAI
W810G,W810G
NC342,NC342
CG102,CG102
PHT55,PHT55
H96,H96
YING-55,YING-55
PHT47,PHT47
PHJ70,PHJ70
W37A,W37A
VaW6,VaW6
NC294,NC294
H5,H5
M14,M14
H105W,H105W
B111,B111
OC19,OC19
2MCDB,2MCDB
AusTRCF 306238,AusTRCF 306238
B121,B121
B47,B47
W611S,W611S
J47,J47
N218,N218
PHM10,PHM10
DK78371A,DK78371A
LH211,LH211
PHR55,PHR55
W23,W23
PH207,PH207
NY 166 (Neveh Yaar),NY 166 (Neveh Yaar)
CO258,CO258
PHR47,PHR47
H95,H95
R78,R78
NC290A,NC290A
FR19,FR19
Va22,Va22
4F-234 BX 4,4F-234 BX 4
N523,N523
LH208,LH208
PHJ33,PHJ33
LH213,LH213
H84,H84
N211,N211
MBPM,MBPM
N28Ht,N28Ht
B2,B2
W814G,W814G
KUNG-70,KUNG-70
Mo46,Mo46
J8606,J8606
B104,B104
TZU-CHIAO-HSI-WU 105,TZU-CHIAO-HSI-WU 105
PHBB3,PHBB3
PHWG5,PHWG5
B73,B73
B98,B98
B65,B65
PHW53,PHW53
Wf9,Wf9
N215,N215
Mo47,Mo47
Pa405,Pa405
PH207,PH207
PHG47,PHG47
A672,A672
CR14,CR14
SD101,SD101
W64A,W64A
N201,N201
C123,C123
H42,H42
LH295,LH295
A556,A556
LH54,LH54
B115,B115
PH207,PH207
PHTM9,PHTM9
A659,A659
PHN11,PHN11
PHK74,PHK74
A272,A272
W614S,W614S
PHT69,PHT69
A663,A663
911,911
Pa392,Pa392
A680,A680
B114,B114
AQA3,AQA3
Eng-Li Chih,Eng-Li Chih
2FADB,2FADB
LP5,LP5
LH202,LH202
PHG29,PHG29
A572,A572
I29,I29
LH61,LH61
PHBA6,PHBA6
PHJR5,PHJR5
R181B,R181B
DKPB80,DKPB80
NQ508,NQ508
N197,N197
B-18 INBR.FR.SUPERGOLD,B-18 INBR.FR.SUPERGOLD
NY 159 (Neveh Yaar),NY 159 (Neveh Yaar)
6F629,6F629
DKMBNA,DKMBNA
DK78010,DK78010
INBRED 2-687,INBRED 2-687
OQ403,OQ403
2369,2369
NS501,NS501
PHG71,PHG71
PHR63,PHR63
PHG86,PHG86
W612S,W612S
A258,A258
MS71,MS71
PHVJ4,PHVJ4
Oh43,Oh43
LH143 (Maintainer),LH143 (Maintainer)
PHV57,PHV57
SD102,SD102
W604S,W604S
A334,A334
DKFAPW,DKFAPW
A548,A548
PHJ89,PHJ89
A374,A374
Oh40B,Oh40B
2FACC,2FACC
CR1HT,CR1HT
PHW80,PHW80
PHN82,PHN82
PHJ90,PHJ90
LH223,LH223
PHR36,PHR36
LIBC 4,LIBC 4
PHW86,PHW86
PHW03,PHW03
793,793
ICI581,ICI581
ICI 740,ICI 740
SD44,SD44
DK4676A,DK4676A
A634,A634
AS6103,AS6103
ML606,ML606
Mo17,Mo17
4F-306 108,4F-306 108
Va52,Va52
PHR30,PHR30
A682,A682
CS405,CS405
PHGW7,PHGW7
B103,B103
L 139,L 139
29MIBZ2,29MIBZ2
A73,A73
PHHV4,PHHV4
LH38,LH38
CH9,CH9
LH206,LH206
NC310,NC310
B76,B76
N6,N6
B73,B73
PHH93,PHH93
1538,1538
W605S,W605S
PHG80,PHG80
LH149,LH149
BO9,BO9
PHN66,PHN66
PHK76,PHK76
B-28,B-28
PHW20,PHW20
A385,A385
PHG72,PHG72
ICI 893,ICI 893
W8304,W8304
CH157,CH157
B73,B73
PHVA9,PHVA9
B91,B91
A649,A649
DK3IIH6,DK3IIH6
PHKE6,PHKE6
A627,A627
MS200,MS200
W552,W552
LH82,LH82
G80,G80
LH172,LH172
Q381,Q381
MS72,MS72
PHP02,PHP02
LH198,LH198
B73,B73
A208,A208
C103,C103
78010,78010
OS602,OS602
PHBW8,PHBW8
LH166,LH166
H99,H99
LH209,LH209
W182E,W182E
LH222,LH222
L 135,L 135
BEI 10 = NORTH 10,BEI 10 = NORTH 10
792,792
SD40,SD40
4226,4226
Ia 453,Ia 453
DJ7,DJ7
MS225,MS225
PHG50,PHG50
L 155,L 155
DKFBHJ,DKFBHJ
IBB15,IBB15
PH207,PH207
LH132,LH132
WR3,WR3
IBB14,IBB14
912,912
A71,A71
LH146Ht,LH146Ht
LH74,LH74
SD107,SD107
FBLA,FBLA
ZS635,ZS635
Va99,Va99
NK807,NK807
FC46,FC46
IBC2,IBC2
PHP76,PHP76
MS226,MS226
A340,A340
PHP55,PHP55
LH145,LH145
W117Ht,W117Ht
B73,B73
DE4,DE4
A401,A401
PH207,PH207
Lp215D,Lp215D
CR 22 INBRED,CR 22 INBRED
PH207,PH207
MS153,MS153
LH127,LH127
DK78002A,DK78002A
LH165,LH165
LH119,LH119
B107,B107
B73,B73
W602S,W602S
OQ603,OQ603
N193,N193
A635,A635
R113,R113
2MA22,2MA22
A239,A239
NC262,NC262
CI 40H,CI 40H
B87,B87
PHW30,PHW30
Ny821,Ny821
Os420,Os420
3IJI1,3IJI1
W701BC,W701BC
NORTH 7,NORTH 7
PHB09,PHB09
MEF156-55-2,MEF156-55-2
LH57,LH57
CH711-10,CH711-10
W153R,W153R
L 127,L 127
LH184,LH184
MS132,MS132
764,764
MS116,MS116
A305,A305
MQ305,MQ305
CA-4,CA-4
A427,A427
A322,A322
91IFC2,91IFC2
W613S,W613S
CH753-4,CH753-4
ICI 441,ICI 441
PHV37,PHV37
B85,B85
W603S,W603S
A648,A648
PHB47,PHB47
A641,A641
PHW17,PHW17
PHK42,PHK42
LH93,LH93
CM105,CM105
790,790
W9,W9
NK778,NK778
ICI 193,ICI 193
A632,A632
A679,A679
ND265,ND265
ND247,ND247
EAST 028,EAST 028
ICI 986,ICI 986
IA2132,IA2132
OH33,OH33
N192,N192
DKIB014,DKIB014
T242,T242
MS211,MS211
MS224,MS224
A674,A674
MS1334,MS1334
B97,B97
H5,H5
MS67,MS67
B110,B110
W610S,W610S
PH207,PH207
HUOBAI,HUOBAI
N211,N211
PH207,PH207
B104,B104
LH65,LH65
N523,N523
Il778d,Il778d
J8606,J8606
N527,N527
LH192,LH192
PHN34,PHN34
Wf9,Wf9
INBRED 305,INBRED 305
HP301,HP301
Va22,Va22
H91,H91
W813G,W813G
WXB6,WXB6
NC326,NC326
K47,K47
B73,B73
W817G,W817G
B164,B164
Va17,Va17
Pa778,Pa778
PHT47,PHT47
MS221,MS221
LH128,LH128
NY6371,NY6371
CQ702RC,CQ702RC
R177,R177
FR19,FR19
B73,B73
PHJ33,PHJ33
B120,B120
PH207,PH207
W32,W32
B73,B73
R78,R78
B84,B84
Va59,Va59
H113,H113
LH199,LH199
Os426,Os426
Pa875,Pa875
LP1 NR HT,LP1 NR HT
INBRED 309,INBRED 309
PHV78,PHV78
PHR31,PHR31
NC412,NC412
N28,N28
LH213,LH213
LH190,LH190
PHR62,PHR62
CO258,CO258
6M502,6M502
W819G,W819G
PHK35,PHK35
Pa880,Pa880
LH211,LH211
W611S,W611S
INBRED 321,INBRED 321
R168,R168
WU-TAN-TZAO,WU-TAN-TZAO
B121,B121
Mo5,Mo5
W821G,W821G
LH1,LH1
H84,H84
LH224,LH224
K41,K41
N209,N209
LH197,LH197
KUNG-70,KUNG-70
OC19,OC19
W812G,W812G
N200,N200
L 289,L 289
4F-234 BX 4,4F-234 BX 4
W606S,W606S
B70,B70
B98,B98
W37A,W37A
PHM10,PHM10
LH205,LH205
6M502A,6M502A
LH215,LH215
H71,H71
B65,B65
SG 30A,SG 30A
NC290A,NC290A
R71,R71
N28Ht,N28Ht
LH194,LH194
Va26,Va26
NC294,NC294
H114,H114
B14A,B14A
Seagull Seventeen,Seagull Seventeen
PHW53,PHW53
PHR58,PHR58
N217,N217
PHG35,PHG35
78551S,78551S
LH60,LH60
LH208,LH208
LH59,LH59
Oh7,Oh7
PHR03,PHR03
INBRED 141,INBRED 141
K55,K55
LH193,LH193
B2,B2
B79,B79
TZU-CHIAO-HSI-WU 105,TZU-CHIAO-HSI-WU 105
PHT55,PHT55
PHR47,PHR47
N501,N501
H122w,H122w
NK740,NK740
87916W,87916W
PH207,PH207
YING-55,YING-55
Pa762,Pa762
Yu796 NS,Yu796 NS
NC250,NC250
B77,B77
HUANYAO,HUANYAO
W811G,W811G
INBRED 109,INBRED 109
W815G,W815G
LH227,LH227
N534,N534
MBWZ,MBWZ
W607S,W607S
PHW65,PHW65
B46,B46
K150,K150
B109,B109
W809G,W809G
Va35,Va35
NY 166 (Neveh Yaar),NY 166 (Neveh Yaar)
PHZ51,PHZ51
R227,R227
LH204,LH204
R229,R229
ND259,ND259
W814G,W814G
NKS8326,NKS8326
B105,B105
PHK93,PHK93
PHW43,PHW43
2MCDB,2MCDB
AusTRCF 306238,AusTRCF 306238
H110,H110
W820G,W820G
WIL900,WIL900
MBPM,MBPM
VaW6,VaW6
PHW79,PHW79
B73,B73
F118,F118
PHPR5,PHPR5
PHK56,PHK56
DK78371A,DK78371A
WIL903,WIL903
Mo46,Mo46
PHR55,PHR55
PHN46,PHN46
CO257,CO257
IDS69,IDS69
WIL901,WIL901
PH207,PH207
S8326,S8326
PHWG5,PHWG5
PHK29,PHK29
A321,A321
W810G,W810G
PHJ70,PHJ70
4N506,4N506
A619,A619
B119,B119
IDS91,IDS91
N7A,N7A
NC328,NC328
NC368,NC368
PHT10,PHT10
B57,B57
33-16,33-16
ND259,ND259
B68,B68
YE 4,YE 4
MS24A,MS24A
Mo1W,Mo1W
N218,N218
Pa91,Pa91
CG102,CG102
DE811,DE811
E8501,E8501
A797NW,A797NW
B111,B111
PHG83,PHG83
B37,B37
MM501D,MM501D
ZS365,ZS365
F2834T,F2834T
B108,B108
DE2,DE2
M14,M14
CH701-30,CH701-30
H121,H121
W803G,W803G
B66,B66
YONG 28,YONG 28
Tr,Tr
B75,B75
PHT22,PHT22
LH195,LH195
W23,W23
DE3,DE3
Va102,Va102
NS701,NS701
LH181,LH181
PHV63,PHV63
LH216,LH216
N542,N542
W22,W22
4F-35 BK,4F-35 BK
Hy,Hy
B88,B88
MBST,MBST
PHBB3,PHBB3
N215,N215
PHN29,PHN29
B47,B47
LH191,LH191
INB 101LFY/LFY (A632 X M16 S5),INB 101LFY/LFY (A632 X M16 S5)
NC342,NC342
B73,B73
A,A
B14,B14
LH185,LH185
J47,J47
R226,R226
PHEG9,PHEG9
LH214,LH214
IDS28,IDS28
PHW52,PHW52
W24,W24
PHHH9,PHHH9
H105W,H105W
H96,H96
H95,H95
PHP85,PHP85