Genotype ,Genotype_Alternate,Subpopulation 
764,764,SS-B73
779,779,Broad origin-public 
787,787,Mixed
790,790,SS-B73
793,793,SS-B73
904,904,IDT
911,911,IDT
912,912,IDT
1538,1538,IDT
2369,2369,SS-B73
4226,4226,Broad origin-public 
4722,4722,Popcorn
11430,11430,IDT
52220,52220,Mixed
04033V,04033V,Sweet corn
07108Vbt,07108Vbt,Mixed
33-16,33-16,Broad origin-public 
38-11,38-11,Broad origin-public 
4554 INBRED,4554 INBRED,Sweet corn
4578 INBRED,4578 INBRED,Mixed
4F-234 BX 4,4F-234 BX 4,Mixed
4F-306 108,4F-306 108,Tropical
4F-35 BK,4F-35 BK,Tropical
4F-403 JV 15,4F-403 JV 15,Tropical
4N506,4N506,SS-B73
80-2,80-2,Sweet corn
A,A,Broad origin-public 
A12,A12,Broad origin-public 
A15,A15,Broad origin-public 
A155,A155,Broad origin-public 
A171,A171,Broad origin-public 
A188,A188,Broad origin-public 
A208,A208,Broad origin-public 
A239,A239,Broad origin-public 
A258,A258,Broad origin-public 
A305,A305,Broad origin-public 
A321,A321,Broad origin-public 
A322,A322,Broad origin-public 
A334,A334,Broad origin-public 
A340,A340,Broad origin-public 
A344,A344,Broad origin-public 
A374,A374,Broad origin-public 
A385,A385,Broad origin-public 
A3G-3-3-1-313,A3G-3-3-1-313,Tropical
A401,A401,Broad origin-public 
A415-1-3 INBRED,A415-1-3 INBRED,Mixed
A427,A427,Mixed
A441-5,A441-5,Mixed
A508,A508,Broad origin-public 
A548,A548,Broad origin-public 
A554,A554,Broad origin-public 
A556,A556,Broad origin-public 
A572,A572,Broad origin-public 
A619,A619,NSS-Oh43
A627,A627,Broad origin-public 
A632,A632,SS-B14
A634,A634,SS-B14
A635,A635,SS-B14
A641,A641,SS-B14
A648,A648,Broad origin-public 
A649,A649,Broad origin-public 
A651,A651,Broad origin-public 
A654,A654,Broad origin-public 
A659,A659,Broad origin-public 
A661,A661,Broad origin-public 
A662,A662,Broad origin-public 
A663,A663,Mixed
A672,A672,SS-B14
A673,A673,Broad origin-public 
A674,A674,Mixed
A679,A679,SS-B73
A680,A680,SS-B73
A682,A682,NSS-Mo17
A71,A71,Broad origin-public 
A73,A73,Broad origin-public 
A797NW,A797NW,Broad origin-public 
A96,A96,Broad origin-public 
AH83,AH83,Broad origin-public 
AM0776,AM0776,IDT
AR228,AR228,Mixed
AS5707,AS5707,Mixed
AS6103,AS6103,SS-B14
AusTRCF 306238,AusTRCF 306238,Mixed
B-18 INBR.FR.SUPERGOLD,B-18 INBR.FR.SUPERGOLD,Popcorn
B-28,B-28,Popcorn
B10,B10,SS-BSSSC0
B101,B101,SS-BSSSC0
B104,B104,SS-BSSSC0
B105,B105,SS-BSSSC0
B106,B106,Mixed
B107,B107,IDT
B108,B108,Mixed
B109,B109,SS-B73
B110,B110,SS-BSSSC0
B111,B111,SS-BSSSC0
B112,B112,Broad origin-public 
B113,B113,Mixed
B114,B114,IDT
B115,B115,Mixed
B118,B118,Broad origin-public 
B119,B119,SS-BSSSC0
B120,B120,Broad origin-public 
B121,B121,Broad origin-public 
B14,B14,SS-B14
B14A,B14A,SS-B14
B164,B164,Broad origin-public 
B2,B2,Broad origin-public 
B37,B37,SS-B37
B42,B42,Broad origin-public 
B46,B46,SS-BSSSC0
B52,B52,Broad origin-public 
B54,B54,Broad origin-public 
B57,B57,Broad origin-public 
B64,B64,SS-B14
B65,B65,NSS-Oh43
B66,B66,NSS-Oh43
B68,B68,SS-B14
B7,B7,Broad origin-public 
B70,B70,NSS-Mo17
B73,B73,SS-B73
B73Htrhm,B73Htrhm,SS-B73
B75,B75,Mixed
B76,B76,Broad origin-public 
B77,B77,Mixed
B79,B79,Mixed
B8,B8,Broad origin-public 
B84,B84,SS-BSSSC0
B85,B85,Broad origin-public 
B87,B87,Mixed
B88,B88,Mixed
B90,B90,Broad origin-public 
B91,B91,Mixed
B97,B97,Broad origin-public 
B98,B98,Mixed
B99,B99,Broad origin-public 
Bei 10 = North 10,Bei 10 = North 10,Broad origin-public 
BSSSC0_001,BSSSC0_001,SS-BSSSC0
BSSSC0_002,BSSSC0_002,SS-BSSSC0
BSSSC0_003,BSSSC0_003,SS-BSSSC0
BSSSC0_005,BSSSC0_005,SS-BSSSC0
BSSSC0_006,BSSSC0_006,SS-BSSSC0
BSSSC0_007,BSSSC0_007,SS-BSSSC0
BSSSC0_008,BSSSC0_008,SS-BSSSC0
BSSSC0_009,BSSSC0_009,SS-BSSSC0
BSSSC0_012,BSSSC0_012,SS-BSSSC0
BSSSC0_013,BSSSC0_013,SS-BSSSC0
BSSSC0_014,BSSSC0_014,SS-BSSSC0
BSSSC0_015,BSSSC0_015,SS-BSSSC0
BSSSC0_016,BSSSC0_016,SS-BSSSC0
BSSSC0_018,BSSSC0_018,SS-BSSSC0
BSSSC0_019,BSSSC0_019,SS-BSSSC0
BSSSC0_020,BSSSC0_020,SS-BSSSC0
BSSSC0_021,BSSSC0_021,SS-BSSSC0
BSSSC0_022,BSSSC0_022,SS-BSSSC0
BSSSC0_023,BSSSC0_023,SS-BSSSC0
BSSSC0_024,BSSSC0_024,SS-BSSSC0
BSSSC0_025,BSSSC0_025,SS-BSSSC0
BSSSC0_026,BSSSC0_026,SS-BSSSC0
BSSSC0_028,BSSSC0_028,SS-BSSSC0
BSSSC0_029,BSSSC0_029,SS-BSSSC0
BSSSC0_030,BSSSC0_030,SS-BSSSC0
BSSSC0_031,BSSSC0_031,SS-BSSSC0
BSSSC0_033,BSSSC0_033,SS-BSSSC0
BSSSC0_034,BSSSC0_034,SS-BSSSC0
BSSSC0_035,BSSSC0_035,SS-BSSSC0
BSSSC0_036,BSSSC0_036,SS-BSSSC0
BSSSC0_037,BSSSC0_037,SS-BSSSC0
BSSSC0_038,BSSSC0_038,SS-BSSSC0
BSSSC0_039,BSSSC0_039,SS-BSSSC0
BSSSC0_040,BSSSC0_040,SS-BSSSC0
BSSSC0_041,BSSSC0_041,SS-BSSSC0
BSSSC0_042,BSSSC0_042,SS-BSSSC0
BSSSC0_043,BSSSC0_043,SS-BSSSC0
BSSSC0_044,BSSSC0_044,SS-BSSSC0
BSSSC0_045,BSSSC0_045,SS-BSSSC0
BSSSC0_046,BSSSC0_046,SS-BSSSC0
BSSSC0_048,BSSSC0_048,SS-BSSSC0
BSSSC0_049,BSSSC0_049,SS-BSSSC0
BSSSC0_050,BSSSC0_050,SS-BSSSC0
BSSSC0_051,BSSSC0_051,SS-BSSSC0
BSSSC0_052,BSSSC0_052,SS-BSSSC0
BSSSC0_053,BSSSC0_053,SS-BSSSC0
BSSSC0_054,BSSSC0_054,SS-BSSSC0
BSSSC0_055,BSSSC0_055,SS-BSSSC0
BSSSC0_056,BSSSC0_056,SS-BSSSC0
BSSSC0_057,BSSSC0_057,SS-BSSSC0
BSSSC0_058,BSSSC0_058,SS-BSSSC0
BSSSC0_060,BSSSC0_060,SS-BSSSC0
BSSSC0_061,BSSSC0_061,SS-BSSSC0
BSSSC0_062,BSSSC0_062,SS-BSSSC0
C102,C102,Mixed
C103,C103,NSS-Mo17
C123,C123,Mixed
C15,C15,Sweet corn
C42,C42,Sweet corn
C49A,C49A,Broad origin-public 
C68,C68,Sweet corn
CA-4,CA-4,Sweet corn
CG10,CG10,Broad origin-public 
CG106,CG106,Mixed
CG108,CG108,Broad origin-public 
CG65,CG65,Mixed
CH157,CH157,Broad origin-public 
CH701-30,CH701-30,Broad origin-public 
CH711-10,CH711-10,Mixed
CH753-4,CH753-4,SS-B14
CH9,CH9,Broad origin-public 
Chi-tan 120,Chi-tan 120,Broad origin-public 
CI 187-2,CI 187-2,Broad origin-public 
CI 21E,CI 21E,Mixed
CI 28A,CI 28A,Broad origin-public 
CI 31A,CI 31A,Mixed
CI 3A,CI 3A,Broad origin-public 
CI 40H,CI 40H,Broad origin-public 
CI 540,CI 540,SS-BSSSC0
CI 64,CI 64,Popcorn
CI 82B,CI 82B,Broad origin-public 
CI 90C,CI 90C,Mixed
CI 91B,CI 91B,Mixed
CL17,CL17,Sweet corn
CL18,CL18,Sweet corn
CL22,CL22,Sweet corn
CL27,CL27,Sweet corn
CM105,CM105,SS-B14
CM37,CM37,Broad origin-public 
CM48,CM48,Mixed
CM7,CM7,SS-B14
CM99,CM99,SS-B14
CML 108,CML 108,Tropical
CML 144,CML 144,Tropical
CML 154Q,CML 154Q,Tropical
CML 161,CML 161,Tropical
CML 176,CML 176,Tropical
CML 197,CML 197,Tropical
CML 202,CML 202,Tropical
CML 216,CML 216,Tropical
CML 218,CML 218,Tropical
CML 220,CML 220,Tropical
CML 228,CML 228,Tropical
CML 247,CML 247,Tropical
CML 251,CML 251,Tropical
CML 254,CML 254,Tropical
CML 264,CML 264,Tropical
CML 277,CML 277,Tropical
CML 287,CML 287,Tropical
CML 312,CML 312,Tropical
CML 322,CML 322,Tropical
CML 323,CML 323,Tropical
CML 376,CML 376,Tropical
CML 387,CML 387,Tropical
CML 395,CML 395,Tropical
CML 421,CML 421,Tropical
CML 444,CML 444,Tropical
CML 448,CML 448,Tropical
CML 451,CML 451,Tropical
CML 465,CML 465,Tropical
CML 488,CML 488,Tropical
CML 491,CML 491,Tropical
CML 496,CML 496,Tropical
CML 504,CML 504,Tropical
CML 505,CML 505,Tropical
CML 509,CML 509,Tropical
CML 511,CML 511,Tropical
CML 52,CML 52,Tropical
CML 91,CML 91,Tropical
CMV3,CMV3,Broad origin-public 
CO106,CO106,Broad origin-public 
CO117,CO117,Broad origin-public 
CO125,CO125,Broad origin-public 
CO158,CO158,Broad origin-public 
CO192,CO192,Broad origin-public 
CO216,CO216,Broad origin-public 
CO236,CO236,Broad origin-public 
CO237,CO237,Broad origin-public 
CO245,CO245,Sweet corn
CO255,CO255,Sweet corn
CO256,CO256,SS-BSSSC0
CO257,CO257,SS-BSSSC0
CO258,CO258,SS-BSSSC0
CQ702RC,CQ702RC,NSS-Oh43
CQ806,CQ806,NSS-Oh43
CR 22 INBRED,CR 22 INBRED,Broad origin-public 
CR14,CR14,SS-B73
CR1HT,CR1HT,NSS-Mo17
CS405,CS405,Mixed
CS608,CS608,Mixed
CSJ3,CSJ3,Broad origin-public 
DE1,DE1,IDT
DE2,DE2,IDT
DE3,DE3,NSS-Oh43
DE4,DE4,Mixed
DE811,DE811,SS-B14
DJ7,DJ7,SS-B73
DK29MIBZ2,29MIBZ2,IDT
DK2FACC,2FACC,SS-B73
DK2FADB,2FADB,SS-B73
DK2MA22,2MA22,Mixed
DK2MCDB,2MCDB,NSS-Oh43
DK3IBZ2,3IBZ2,Mixed
DK3IIH6,3IIH6,IDT
DK3IJI1,3IJI1,IDT
DK4676A,4676A,Mixed
DK6F545,6F545,SS-B73
DK6F629,6F629,Mixed
DK6M502,6M502,Mixed
DK6M502A,6M502A,Mixed
DK78002A,78002A,SS-B73
DK78004,78004,SS-B73
DK78010,78010,SS-B73
DK78371A,78371A,NSS-Oh43
DK78551S,78551S,NSS-Oh43
DK83IBI3,83IBI3,IDT
DK84BRQ4,84BRQ4,SS-B37
DK84QAB1,84QAB1,SS-B37
DK87916W,87916W,SS-B73
DK8F196,8F196,SS-B73
DK8M116,8M116,Mixed
DK8M129,8M129,Mixed
DK91IFC2,91IFC2,IDT
DKAQA3,AQA3,SS-B14
DKF118,F118,SS-B73
DKF274,F274,SS-B37
DKFBHJ,FBHJ,SS-B14
DKFBLA,FBLA,SS-B14
DKFBLL,FBLL,SS-B73
DKHB8229,HB8229,SS-B14
DKHBA1,HBA1,Mixed
DKIB014,IB014,IDT
DKIB02,IB02,IDT
DKIBB14,IBB14,IDT
DKIBB15,IBB15,IDT
DKIBC2,IBC2,IDT
DKLIBC 4,LIBC 4,IDT
DKMBNA,MBNA,NSS-Mo17
DKMBPM,MBPM,Mixed
DKMBST,MBST,NSS-Oh43
DKMBUB,MBUB,NSS-Oh43
DKMBWZ,MBWZ,IDT
DKMBZA,MBZA,IDT
DKMDF-13D,MDF-13D,NSS-Oh43
DKMM402A,MM402A,NSS-Oh43
DKMM501D,MM501D,NSS-Oh43
DKNL001,NL001,SS-B73
DKPB80,PB80,SS-B73
DKWDAD1,WDAD1,SS-B73
E2558W,E2558W,Mixed
E8501,E8501,NSS-Mo17
EAST 028,EAST 028,Broad origin-public 
Eng-Li Chih,Eng-Li Chih,Broad origin-public 
EP1,EP1,Sweet corn
F115,F115,Broad origin-public 
F2,F2,Sweet corn
F2834T,F2834T,Tropical
F42,F42,SS-B73
F431,F431,Mixed
F44,F44,Mixed
F7,F7,Sweet corn
FC46,FC46,Sweet corn
Fe,Fe,Mixed
FR19,FR19,Mixed
G22 T122,T122,Sweet corn
G3 T5a,T5a,Sweet corn
GE129,GE129,Broad origin-public 
GE54,GE54,Mixed
H105W,H105W,SS-B14
H110,H110,Mixed
H113,H113,Mixed
H114,H114,SS-B37
H121,H121,Mixed
H122w,H122w,SS-B73
H124w,H124w,Mixed
H14,H14,Mixed
H49,H49,NSS-Oh43
H5,H5,Broad origin-public 
H52,H52,Broad origin-public 
H71,H71,Broad origin-public 
H84,H84,SS-B37
H91,H91,SS-B14
H95,H95,NSS-Oh43
H96,H96,Mixed
H99,H99,Mixed
Hi26,Hi26,Mixed
Hi28,Hi28,Tropical
HP301,HP301,Popcorn
HP72-11,HP72-11,Popcorn
Huanyao,Huanyao,Tropical
Huobai,Huobai,Tropical
I11.12E,I11.12E,Mixed
I159,I159,SS-BSSSC0
I205,I205,Mixed
I224,I224,SS-BSSSC0
I29,I29,Popcorn
IA2132,IA2132,Sweet corn
Ia453,Ia453,Sweet corn
Ia5125B,Ia5125B,Sweet corn
ICI 193,ICI 193,Mixed
ICI 441,ICI 441,SS-B73
ICI 581,ICI 581,NSS-Oh43
ICI 740,ICI 740,SS-B73
ICI 893,ICI 893,SS-B73
ICI 986,ICI 986,IDT
IDS28,IDS28,Popcorn
IDS69,IDS69,Popcorn
IDS91,IDS91,Popcorn
Il 101T,Il 101T,Sweet corn
Il14H,Il14H,Sweet corn
Il778d,Il778d,Sweet corn
Ill.Hy,Ill.Hy,SS-BSSSC0
INB 101LFY/LFY (A632 X M16 S5),INB 101LFY/LFY (A632 X M16 S5),SS-B14
INBRED 100,INBRED 100,Tropical
INBRED 109,INBRED 109,Tropical
INBRED 141,INBRED 141,Broad origin-public 
INBRED 2-687,INBRED 2-687,Tropical
INBRED 305,INBRED 305,Tropical
INBRED 309,INBRED 309,Tropical
INBRED 321,INBRED 321,Mixed
J47,J47,Mixed
J8606,J8606,Mixed
K148,K148,Broad origin-public 
K150,K150,Broad origin-public 
K155,K155,Broad origin-public 
K201,K201,Broad origin-public 
K4,K4,Broad origin-public 
K41,K41,Broad origin-public 
K47,K47,Popcorn
K55,K55,Mixed
K64,K64,Mixed
Ki11,Ki11,Tropical
Ki21,Ki21,Tropical
Ki3,Ki3,Tropical
Ki43,Ki43,Tropical
KO679Y,KO679Y,Mixed
KUNG-70,KUNG-70,Mixed
Ky21,Ky21,Broad origin-public 
Ky226,Ky226,Mixed
Ky228,Ky228,Broad origin-public 
L 127,L 127,IDT
L 135,L 135,IDT
L 139,L 139,NSS-Oh43
L 155,L 155,IDT
L 289,L 289,Mixed
L222,L222,Mixed
L317,L317,Broad origin-public 
LE23,LE23,Mixed
LH1,LH1,SS-B37
LH119,LH119,SS-B73
LH123HT,LH123HT,NSS-Oh43
LH127,LH127,NSS-Oh43
LH128,LH128,NSS-Mo17
LH132,LH132,SS-B73
LH143 (Maintainer),LH143 (Maintainer),SS-B14
LH143 CMS,LH143 CMS,SS-B14
LH145,LH145,SS-B14
LH146Ht,LH146Ht,SS-B14
LH149,LH149,SS-B73
LH150,LH150,Mixed
LH156,LH156,NSS-Oh43
LH159,LH159,SS-B73
LH160,LH160,Mixed
LH162,LH162,Mixed
LH163,LH163,Mixed
LH164,LH164,IDT
LH165,LH165,NSS-Mo17
LH166,LH166,NSS-Oh43
LH167,LH167,NSS-Mo17
LH169Ht,LH169Ht,NSS-Oh43
LH172,LH172,Mixed
LH175,LH175,Mixed
LH181,LH181,NSS-Mo17
LH183,LH183,NSS-Mo17
LH184,LH184,Mixed
LH185,LH185,NSS-Mo17
LH186,LH186,NSS-Mo17
LH188,LH188,NSS-Mo17
LH189Ht,LH189Ht,NSS-Mo17
LH190,LH190,SS-B73
LH191,LH191,Mixed
LH192,LH192,SS-B73
LH193,LH193,SS-B73
LH194,LH194,SS-B73
LH195,LH195,SS-B73
LH196,LH196,SS-B73
LH197,LH197,SS-B73
LH198,LH198,SS-B73
LH199,LH199,SS-B73
LH200,LH200,SS-B73
LH202,LH202,SS-B73
LH204,LH204,SS-B73
LH205,LH205,SS-B73
LH206,LH206,SS-B73
LH208,LH208,SS-B73
LH209,LH209,SS-B73
LH210,LH210,NSS-Mo17
LH211,LH211,NSS-Mo17
LH212Ht,LH212Ht,NSS-Oh43
LH213,LH213,NSS-Oh43
LH214,LH214,NSS-Oh43
LH215,LH215,NSS-Mo17
LH216,LH216,NSS-Mo17
LH217,LH217,NSS-Mo17
LH218,LH218,NSS-Mo17
LH220Ht,LH220Ht,SS-B14
LH222,LH222,SS-B14
LH223,LH223,SS-B14
LH224,LH224,SS-B14
LH225,LH225,SS-B14
LH231,LH231,SS-B73
LH250,LH250,NSS-Oh43
LH252,LH252,NSS-Mo17
LH260,LH260,NSS-Mo17
LH284,LH284,NSS-Oh43
LH299,LH299,Mixed
LH38,LH38,NSS-Oh43
LH39,LH39,NSS-Oh43
LH51,LH51,NSS-Mo17
LH52,LH52,NSS-Mo17
LH54,LH54,NSS-Mo17
LH57,LH57,NSS-Mo17
LH59,LH59,NSS-Mo17
LH60,LH60,NSS-Mo17
LH61,LH61,NSS-Mo17
LH74,LH74,SS-B73
LH82,LH82,Mixed
LH85,LH85,Broad origin-public 
LH93,LH93,Mixed
LP1 NR Ht,LP1 NR Ht,SS-B14
Lp215D,Lp215D,NSS-Mo17
LP5,LP5,SS-B73
M14,M14,Broad origin-public 
M162W,M162W,Mixed
M37W,M37W,Mixed
MEF156-55-2,MEF156-55-2,Mixed
ML606,ML606,NSS-Oh43
Mo13,Mo13,Broad origin-public 
Mo15W,Mo15W,Broad origin-public 
Mo16W,Mo16W,Mixed
Mo17,Mo17,NSS-Mo17
Mo18W,Mo18W,Tropical
Mo1W,Mo1W,Mixed
Mo23W,Mo23W,Broad origin-public 
Mo24W,Mo24W,Broad origin-public 
Mo28W,Mo28W,Mixed
Mo3,Mo3,Broad origin-public 
Mo30W,Mo30W,Mixed
Mo39,Mo39,Mixed
Mo44,Mo44,Broad origin-public 
Mo45,Mo45,Mixed
Mo46,Mo46,Mixed
Mo47,Mo47,Mixed
Mo5,Mo5,Mixed
Mo7,Mo7,Popcorn
MoG,MoG,Mixed
Mp339,Mp339,Mixed
MQ305,MQ305,IDT
MS106,MS106,Broad origin-public 
MS116,MS116,Broad origin-public 
MS12,MS12,Broad origin-public 
MS132,MS132,Mixed
MS1334,MS1334,Broad origin-public 
MS142,MS142,Broad origin-public 
MS153,MS153,Broad origin-public 
MS200,MS200,Broad origin-public 
MS211,MS211,Broad origin-public 
MS221,MS221,SS-B37
MS222,MS222,SS-B37
MS223,MS223,Broad origin-public 
MS224,MS224,Broad origin-public 
MS225,MS225,Mixed
MS226,MS226,Mixed
MS24A,MS24A,Broad origin-public 
MS67,MS67,Broad origin-public 
MS71,MS71,Broad origin-public 
MS72,MS72,Broad origin-public 
Mt42,Mt42,Broad origin-public 
N192,N192,SS-B73
N193,N193,Broad origin-public 
N197,N197,NSS-Mo17
N199,N199,Broad origin-public 
N200,N200,Broad origin-public 
N201,N201,SS-B73
N209,N209,SS-BSSSC0
N211,N211,Mixed
N215,N215,Mixed
N216,N216,Mixed
N217,N217,SS-B14
N218,N218,SS-B14
N28,N28,SS-BSSSC0
N28E,N28E,SS-BSSSC0
N28Ht,N28Ht,SS-BSSSC0
N501,N501,SS-BSSSC0
N523,N523,SS-BSSSC0
N527,N527,SS-BSSSC0
N534,N534,Mixed
N538,N538,SS-BSSSC0
N540,N540,SS-BSSSC0
N542,N542,SS-BSSSC0
N545,N545,SS-BSSSC0
N6,N6,Broad origin-public 
N7A,N7A,SS-BSSSC0
NC13,NC13,Mixed
NC230,NC230,Mixed
NC232,NC232,Mixed
NC236,NC236,Mixed
NC250,NC250,SS-B37
NC258,NC258,Popcorn
NC260,NC260,Broad origin-public 
NC262,NC262,Popcorn
NC264,NC264,Tropical
NC290A,NC290A,Popcorn
NC294,NC294,SS-B73
NC298,NC298,Tropical
NC302,NC302,Tropical
NC304,NC304,Tropical
NC306,NC306,SS-B73
NC310,NC310,SS-B73
NC314,NC314,SS-B37
NC318,NC318,Mixed
NC324,NC324,SS-B37
NC326,NC326,SS-B73
NC328,NC328,SS-B73
NC338,NC338,Tropical
NC340,NC340,Tropical
NC342,NC342,Mixed
NC344,NC344,Popcorn
NC348,NC348,Tropical
NC350,NC350,Tropical
NC356,NC356,Tropical
NC358,NC358,Tropical
NC362,NC362,Popcorn
NC364,NC364,Popcorn
NC368,NC368,SS-B73
NC412,NC412,Mixed
NC472,NC472,Mixed
ND1,ND1,Sweet corn
ND101,ND101,Mixed
ND167,ND167,Broad origin-public 
ND230,ND230,Broad origin-public 
ND245,ND245,Broad origin-public 
ND246,ND246,Broad origin-public 
ND247,ND247,Broad origin-public 
ND249,ND249,Broad origin-public 
ND251,ND251,Broad origin-public 
ND259,ND259,Broad origin-public 
ND260,ND260,Broad origin-public 
ND262,ND262,Broad origin-public 
ND265,ND265,Broad origin-public 
ND283,ND283,Broad origin-public 
ND287,ND287,Broad origin-public 
NK740,740,NSS-Mo17
NK792,792,SS-B73
NK794,794,SS-B73
NK807,807,SS-B37
NK907,907,Mixed
NKBCC03,NKBCC03,NSS-Mo17
NKH8431,H8431,Mixed
NKNP899,NP899,IDT
NKNP901,NP901,SS-B73
NO. 380,NO. 380,Sweet corn
NORTH 7,NORTH 7,Mixed
NP87,NP87,Popcorn
NQ402,NQ402,IDT
NQ508,NQ508,IDT
NS501,NS501,IDT
NS701,NS701,SS-B73
NY 159 (Neveh Yaar),NY 159,Mixed
NY 166 (Neveh Yaar),NY 166,Mixed
NY6371,NY6371,Tropical
Ny821,Ny821,Mixed
OC19,OC19,Mixed
Oh1EP,Oh1EP,Mixed
Oh3167B,Oh3167B,Mixed
Oh33,Oh33,Broad origin-public 
Oh40B,Oh40B,NSS-Oh43
Oh43,Oh43,NSS-Oh43
Oh43E,Oh43E,NSS-Oh43
Oh603,Oh603,Mixed
Oh7,Oh7,Mixed
Oh7B,Oh7B,Mixed
OQ101,OQ101,Mixed
OQ403,OQ403,IDT
OQ601,OQ601,IDT
OQ603,OQ603,IDT
Os420,Os420,Mixed
Os426,Os426,Broad origin-public 
OS602,OS602,IDT
P39,P39,Sweet corn
Pa392,Pa392,Broad origin-public 
Pa405,Pa405,Broad origin-public 
Pa468,Pa468,Broad origin-public 
Pa762,Pa762,NSS-Oh43
Pa778,Pa778,Mixed
Pa880,Pa880,Mixed
Pa891,Pa891,NSS-Oh43
Pa91,Pa91,NSS-Oh43
PH207,PH207,IDT
PH5HK,PH5HK,Mixed
PHAA0,PHAA0,SS-B37
PHAW6,PHAW6,IDT
PHB09,PHB09,SS-B37
PHB47,PHB47,SS-B37
PHBA6,PHBA6,NSS-Oh43
PHBB3,PHBB3,SS-B37
PHBW8,PHBW8,SS-B37
PHDD6,PHDD6,Sweet corn
PHEG9,PHEG9,Mixed
PHEM7,PHEM7,Sweet corn
PHEM9,PHEM9,SS-B37
PHEW7,PHEW7,SS-B37
PHFA5,PHFA5,Mixed
PHG29,PHG29,IDT
PHG35,PHG35,Mixed
PHG39,PHG39,SS-B37
PHG47,PHG47,NSS-Oh43
PHG50,PHG50,IDT
PHG71,PHG71,SS-B14
PHG72,PHG72,IDT
PHG80,PHG80,SS-B37
PHG83,PHG83,IDT
PHG84,PHG84,Mixed
PHG86,PHG86,Mixed
PHGG7,PHGG7,Sweet corn
PHGV6,PHGV6,Mixed
PHGW7,PHGW7,IDT
PHH93,PHH93,IDT
PHHB4,PHHB4,SS-B37
PHHB9,PHHB9,Mixed
PHHH9,PHHH9,Mixed
PHJ31,PHJ31,Mixed
PHJ33,PHJ33,Mixed
PHJ40,PHJ40,SS-B37
PHJ65,PHJ65,Mixed
PHJ70,PHJ70,Mixed
PHJ75,PHJ75,IDT
PHJ89,PHJ89,NSS-Oh43
PHJ90,PHJ90,IDT
PHJR5,PHJR5,SS-B37
PHK05,PHK05,Mixed
PHK29,PHK29,SS-B37
PHK35,PHK35,SS-B37
PHK42,PHK42,IDT
PHK46,PHK46,Mixed
PHK56,PHK56,NSS-Oh43
PHK74,PHK74,IDT
PHK76,PHK76,NSS-Oh43
PHK93,PHK93,NSS-Oh43
PHKE6,PHKE6,IDT
PHKM5,PHKM5,Mixed
PHM10,PHM10,IDT
PHM49,PHM49,NSS-Oh43
PHM57,PHM57,Mixed
PHM81,PHM81,Mixed
PHMK0,PHMK0,Mixed
PHN11,PHN11,IDT
PHN18,PHN18,SS-B37
PHN34,PHN34,Mixed
PHN41,PHN41,SS-B37
PHN46,PHN46,NSS-Oh43
PHN47,PHN47,IDT
PHN66,PHN66,Mixed
PHN73,PHN73,NSS-Oh43
PHN82,PHN82,IDT
PHP02,PHP02,IDT
PHP38,PHP38,SS-B37
PHP55,PHP55,IDT
PHP60,PHP60,Mixed
PHP76,PHP76,IDT
PHP85,PHP85,SS-B37
PHPR5,PHPR5,Mixed
PHR03,PHR03,Mixed
PHR25,PHR25,IDT
PHR31,PHR31,IDT
PHR32,PHR32,Mixed
PHR36,PHR36,Mixed
PHR55,PHR55,Mixed
PHR58,PHR58,NSS-Oh43
PHR61,PHR61,SS-B37
PHR62,PHR62,Mixed
PHR63,PHR63,IDT
PHRE1,PHRE1,SS-B37
PHT10,PHT10,SS-B73
PHT11,PHT11,SS-B37
PHT22,PHT22,IDT
PHT47,PHT47,SS-B37
PHT55,PHT55,SS-B37
PHT60,PHT60,NSS-Oh43
PHT69,PHT69,SS-B37
PHT73,PHT73,Broad origin-public 
PHT77,PHT77,NSS-Oh43
PHTD5,PHTD5,IDT
PHTE4,PHTE4,SS-B37
PHTM9,PHTM9,NSS-Oh43
PHV07,PHV07,SS-B37
PHV37,PHV37,SS-B37
PHV53,PHV53,NSS-Oh43
PHV57,PHV57,IDT
PHV63,PHV63,SS-B37
PHV78,PHV78,Mixed
PHVA9,PHVA9,SS-B37
PHVJ4,PHVJ4,IDT
PHW03,PHW03,Mixed
PHW06,PHW06,IDT
PHW17,PHW17,SS-B73
PHW20,PHW20,Mixed
PHW30,PHW30,Mixed
PHW43,PHW43,NSS-Oh43
PHW51,PHW51,SS-B14
PHW52,PHW52,SS-B37
PHW53,PHW53,IDT
PHW65,PHW65,NSS-Oh43
PHW79,PHW79,Mixed
PHW80,PHW80,NSS-Oh43
PHW86,PHW86,IDT
PHWG5,PHWG5,NSS-Oh43
PHWRZ,PHWRZ,SS-B37
PHZ51,PHZ51,Mixed
R101,R101,Broad origin-public 
R113,R113,Broad origin-public 
R134,R134,Broad origin-public 
R168,R168,Broad origin-public 
R177,R177,Broad origin-public 
R181B,R181B,Broad origin-public 
R197,R197,Mixed
R225,R225,Mixed
R226,R226,Mixed
R227,R227,SS-BSSSC0
R229,R229,SS-B73
R30,R30,Broad origin-public 
R4,R4,Broad origin-public 
R53,R53,Broad origin-public 
R71,R71,Broad origin-public 
R78,R78,Broad origin-public 
RS 710,RS 710,Broad origin-public 
S 56,S 56,Sweet corn
S8324,S8324,SS-B73
S8326,S8326,NSS-Mo17
SD101,SD101,SS-B37
SD102,SD102,IDT
SD107,SD107,SS-B14
SD15,SD15,Mixed
SD40,SD40,Mixed
SD42,SD42,Broad origin-public 
SD44,SD44,Mixed
Seagull Seventeen,Seagull Seventeen,NSS-Mo17
Sg 1533,Sg 1533,Popcorn
Sg 18,Sg 18,Popcorn
SG 30A,SG 30A,Popcorn
T141,T141,Broad origin-public 
T146,T146,Sweet corn
T232,T232,Mixed
T234,T234,Broad origin-public 
T242,T242,Sweet corn
T8,T8,Popcorn
T9,T9,Sweet corn
Tr,Tr,SS-BSSSC0
Tr9-1-1-6,Tr9-1-1-6,SS-BSSSC0
Tx303,Tx303,Mixed
TZU-CHIAO-HSI-WU 105,TZU-CHIAO-HSI-WU 105,Mixed
U 123,U 123,Sweet corn
U267Y,U267Y,Mixed
Va102,Va102,Popcorn
Va14,Va14,Mixed
Va17,Va17,Mixed
Va22,Va22,Mixed
Va26,Va26,NSS-Oh43
Va35,Va35,Popcorn
Va38,Va38,Mixed
Va52,Va52,Mixed
Va59,Va59,Popcorn
Va85,Va85,Mixed
Va99,Va99,Mixed
VaW6,VaW6,Mixed
W10001_0003,W10001_0003,Broad origin-public 
W10001_0007,W10001_0007,Broad origin-public 
W10001_0009,W10001_0009,Broad origin-public 
W10001_0010,W10001_0010,Broad origin-public 
W10001_0012,W10001_0012,Broad origin-public 
W10001_0016,W10001_0016,Broad origin-public 
W10001_0018,W10001_0018,Broad origin-public 
W10001_0030,W10001_0030,Broad origin-public 
W10001_0031,W10001_0031,Broad origin-public 
W10001_0040,W10001_0040,Broad origin-public 
W10002_0001,W10002_0001,Broad origin-public 
W10002_0004,W10002_0004,Broad origin-public 
W117HT,W117HT,Broad origin-public 
W153R,W153R,Broad origin-public 
W182B,W182B,Broad origin-public 
W182BN,W182BN,Broad origin-public 
W182E,W182E,Broad origin-public 
W22,W22,Broad origin-public 
W23,W23,Broad origin-public 
W24,W24,Broad origin-public 
W32,W32,Broad origin-public 
W37A,W37A,Broad origin-public 
W552,W552,Broad origin-public 
W59E,W59E,Broad origin-public 
W601S,W601S,NSS-Mo17
W602S,W602S,Mixed
W603S,W603S,Mixed
W604S,W604S,NSS-Mo17
W605S,W605S,NSS-Mo17
W64A,W64A,Mixed
W703,W703,Mixed
W7151,W7151,Sweet corn
W802G,W802G,Mixed
W803G,W803G,Tropical
W809G,W809G,SS-B73
W810G,W810G,Mixed
W811G,W811G,SS-B73
W812G,W812G,SS-B73
W813G,W813G,SS-B14
W814G,W814G,Mixed
W815G,W815G,Mixed
W816G,W816G,Mixed
W817G,W817G,NSS-Oh43
W818G,W818G,Mixed
W819G,W819G,SS-B73
W820G,W820G,SS-B73
W821G,W821G,NSS-Oh43
W8304,W8304,SS-B73
W85,W85,Sweet corn
W8555,W8555,SS-B73
W9,W9,Broad origin-public 
WD,WD,Broad origin-public 
WD456,WD456,Mixed
Wf9,Wf9,NSS-Oh43
WIL500,WIL500,Tropical
WIL900,WIL900,NSS-Mo17
WIL901,WIL901,NSS-Mo17
WIL903,WIL903,NSS-Mo17
WR3,WR3,Broad origin-public 
WU-TAN-TZAO,WU-TAN-TZAO,Mixed
WXB6,WXB6,Mixed
YANG,YANG,Tropical
YE 4,YE 4,Tropical
YE-CHI-HUNG,YE-CHI-HUNG,Tropical
YELLOW 3-4,YELLOW 3-4,Tropical
YING-55,YING-55,Broad origin-public 
Yong 28,Yong 28,Mixed
Yu796 NS,Yu796 NS,Mixed
ZS01250,ZS01250,Mixed
ZS1791,ZS1791,SS-B73
ZS635,ZS635,Mixed
W10006_0001,W10006_0001,.
W10006_0003,W10006_0003,.
W10006_0004,W10006_0004,.
W10006_0006,W10006_0006,.
W10006_0009,W10006_0009,.
W10006_0010,W10006_0010,.
W10006_0011,W10006_0011,.
W10006_0012,W10006_0012,.
W10006_0014,W10006_0014,.
W606S,W606S,.
W607S,W607S,.
W608S,W608S,.
W609S,W609S,.
W610S,W610S,.
W611S,W611S,.
W612S,W612S,.
,,
,,
,,
,,
,,
,,
,,
,,
,,
,,
,,
,,
,,